Number,Photo,Score
1,teacher_photos\7IoFYt3QOYZYbh6GVKec7fj3yG7nQZ1T.png,1000
2,teacher_photos\eHq8qgJH0JYdmEKaMgvYTvctANCj8dJR.png,1000
3,teacher_photos\ELNubpynQZrqcpK8AAh7IgiKhffxw7xw.png,1000
4,teacher_photos\eLPicXGNHQYB9belrvcNYUApnQdgmDDz.png,1000
5,teacher_photos\iESPU5rjdDTcAFDvSuPbuEcPYW8JHBG5.png,1000
6,teacher_photos\jggMKa0yODTMQR4CxPFVdh8eCsPL2h13.png,1000
7,teacher_photos\MWhzBmAtSfrPLLoRxZzkjg0ChtO8BtBS.png,1000
8,teacher_photos\ozbAUo3FrPL4Q9AsYhbU222YBVDxPV69.png,1000
9,teacher_photos\PfAthOeN6gUzjz4ajYIPaAuL7veI3S8o.png,1000
10,teacher_photos\PkDAhCgBjVEYuuHKHQSUiAMxS1TOq3s8.png,1000
11,teacher_photos\SmF2xmRJPIMTvHsxX51Um6AGnKLxwYgr.png,1000
12,teacher_photos\UIXiDGvyuOUB4GEaSdiQQvllukn0DtBU.png,1000
13,teacher_photos\UlUDRWDKWWnH8OXBReTXieuvCHLIKADg.png,1000
14,teacher_photos\vFH18HCzoQATDkL04CvK383Kae4M6p7H.png,1000
15,teacher_photos\VgIgbA94m0CeGlnhYI0NjQwvdtV0DU1T.png,1000
16,teacher_photos\VPK7DXRLeNoEEdz3fh1OsHz7zGAa7Zpy.png,1000
17,teacher_photos\X3d9AFAM6BTW2azHFMxMajGYJclnQ6M9.png,1000
18,teacher_photos\0N04Rf0G82tz0rfCkgqxtiT9aRYKm37B.jpg,1000
19,teacher_photos\0Qnp5TKnLs0PVtm6b7p0ZDETGe12Vo5f.jpg,1000
20,teacher_photos\2ejt38vEmC7tKkd0niFll7q4zQWKllkN.jpg,1000
21,teacher_photos\2gZsfuibe2G9cd1lYrT3yLeeHPydjBH5.jpg,1000
22,teacher_photos\2Mqdqn7Jssg3sQemMxEUwF3E470hfrnd.jpg,1000
23,teacher_photos\3SiOOKcVWGhAm2w1vzsmhEN5S2kMIQxr.jpg,1000
24,teacher_photos\5HVoLGiLIf4XbpPIsKedKklhBs6wyXfd.jpg,1000
25,teacher_photos\6rzVgmCcygcxr6wsfNhGBT3K42L5imzF.jpg,1000
26,teacher_photos\7R2Z72oM32G33ngXzTlKWZtfmC8995wE.jpg,1000
27,teacher_photos\ABRfEFBi4RZABjdP2AJvqdRCq5QbsRMi.jpg,1000
28,teacher_photos\b7DN0bYy7TX7H0rZkvJEyQmJqVM3hGpY.jpg,1000
29,teacher_photos\BcvYiOMJY1Cmh8UxTmq9pxhiFiSTPB6m.jpg,1000
30,teacher_photos\Bx2lHpDvpz3a3FOowr164DyRzwNsnNph (1).jpg,1000
31,teacher_photos\bXj0oJ0AWYzVoZizaXsBTlt8aRNgSthb.jpg,1000
32,teacher_photos\cKNEWdJWSpvOKcfgH3jjKBwz3hXY1n0f.jpg,1000
33,teacher_photos\CtebQTsz3AgZsy0eeTV99o94nN5q2HWl.jpg,1000
34,teacher_photos\DNbNyOu6jn7eluVMQJBH8ZurNH4q5p2H.jpg,1000
35,teacher_photos\E9SDG4qo6rprODd98mB6ZyuGoaUCIY4Q.jpg,1000
36,teacher_photos\eNzn7TEzRIHimRELMwLVsmmA5dPLoItL.jpg,1000
37,teacher_photos\faRUZzbc5EE88xpTUonP7zs8KtYDRLoj (1).jpg,1000
38,teacher_photos\fuH5V5gM8oZY9jpldxOjXNrBUxTMNizn.jpg,1000
39,teacher_photos\GrHCuiRdIlxf3W2a9WoQQdc52DM04Jhk.jpg,1000
40,teacher_photos\H5TNVG0E2ClWOh8akydczWjYdn3AXFFT.jpg,1000
41,teacher_photos\Hqun4XxmIDYgsGqY60MNpJZ8iccDYDaB.jpg,1000
42,teacher_photos\HxN6oasRJLwVne1QWL6x1HSusYkqLWTH.jpg,1000
43,teacher_photos\Ij9s3RyV0cx0OWgfrqx6buc07BL5BYAb.jpg,1000
44,teacher_photos\iklU03oqk0P9xzaI2CA7dBUWF9ZC1fsk.jpg,1000
45,teacher_photos\iMwXjfv6OZRdqk36QufOUdQ7SJYjfOCH.jpg,1000
46,teacher_photos\JBdi5nHxVuGC5mi6MqS6ivhLtAgMaegj.jpg,1000
47,teacher_photos\jbMJBEJObTobZfWreu7GnlZiVteta2mk.jpg,1000
48,teacher_photos\KDPHPebQCUJgjd4yAxZ0SCzXkyYs3pyf.jpg,1000
49,teacher_photos\kEEuegiX1JBmNnU1gZi70OUEPSHuNhKI.jpg,1000
50,teacher_photos\kKTum2lUWoFl3F741EIusHPi4ZJJhjzP.jpg,1000
51,teacher_photos\kMNw4TWnbjZ0iqtThwglAMNNuZw5yC4Z.jpg,1000
52,teacher_photos\KOb8lU7lkWWIARFrlTmMQXj8kPdJhZIJ.jpg,1000
53,teacher_photos\LbKeni5x5fwE1bEWnO1FNTM8FxxgCSAq.jpg,1000
54,teacher_photos\MJIDUYpfizzvbPPQyWSUraccTMTfcWz1.jpg,1000
55,teacher_photos\MPYlpbNYhSaxXjPErJLqFwaqJEoeTsvS.jpg,1000
56,teacher_photos\NhgZ2OmMM4evx9LBKshN9VsfSMKeXhYH.jpg,1000
57,teacher_photos\njps5wRNumGrQK6W8Exp46ubdYXxj6wu.jpg,1000
58,teacher_photos\nsD2aGqHBwbd4Onzqvry71AHg2IrwwNt.jpg,1000
59,teacher_photos\nye4G3Wx6N665V1F6NWnKrCYba1FJfVY.jpg,1000
60,teacher_photos\Om4WmPTGri2tGuk5gDdm3IfraykBD9Av.jpg,1000
61,teacher_photos\oPI74oI7YGTbtY3w6wFXfMt8IJJVLfH3.jpg,1000
62,teacher_photos\P85oSzWAsokmabSp6hc1nMN23f9Evga0.jpg,1000
63,teacher_photos\p9WWQgqAGqqTbt6V82Btnu8hPtzfPVGO.jpg,1000
64,teacher_photos\pG8nx8RWXwAtPb6qUA5KuHBlNsNPpKu5.jpg,1000
65,teacher_photos\phtmhK3yJuKUnAZjNjrm1fKSUTJ0S5Rm.jpg,1000
66,teacher_photos\pJ6BkccxjlosGGRXgKSxHJBJWI0jDQjZ.jpg,1000
67,teacher_photos\Po4nUuanqPGkRcPdYlViWLkShfHDwQFx.jpg,1000
68,teacher_photos\PPpP8QOiQgsnDFCgav3wRiENZRRrCUfH.jpg,1000
69,teacher_photos\r4TYgJ6tzWMEyV1ma3Y6PtlU4AGhxvtr.jpg,1000
70,teacher_photos\R5FCIAeSjfXxcUz1u26gkkpDNU3PE3OI.jpg,1000
71,teacher_photos\r8Vn6fqF8RIl85MebNlsyOYX87CtZAeO.jpg,1000
72,teacher_photos\rvy6GWD6hsGOwvkofLbGgfDs0ODxqFKW.jpg,1000
73,teacher_photos\RW7TQr07WeP0ZTXDNAeA5kxCfVccn7vL.jpg,1000
74,teacher_photos\s4RUal0bmqZZ4HJ4jpNv2Awi1hDQLaDg.jpg,1000
75,teacher_photos\SuUeo8JhU25ceysUPJbcL3EBO2J5vcVd.jpg,1000
76,teacher_photos\SWuwqlAGQX27nCsYtJz4fnrkURkB85HM.jpg,1000
77,teacher_photos\TaLcq0ZbvIjxZzu8cLhayuMp1plMA7P3.jpg,1000
78,teacher_photos\TGrHq3krjzFRIHWjLk4az0HrHuMmpjsr.jpg,1000
79,teacher_photos\TH39QOa7pDh8yemBariB8ABWxHOl5VVo.jpg,1000
80,teacher_photos\tLtEssEDKzxfwkLlItK8HxHelM54DUHb.jpg,1000
81,teacher_photos\UUk2137c8goUBQFpN7oqBBQtxVKh4TxT (1).jpg,1000
82,teacher_photos\VWTxd5ANTl8MfwQ33XovExLsqrCSRye6.jpg,1000
83,teacher_photos\WUR3kiqKRxEcSJOk4TItg1onuEgMv96b.jpg,1000
84,teacher_photos\wyG3yr495F2qFIIKowdMi3ocZT8eV6aj.jpg,1000
85,teacher_photos\xAW3rFqZasTLeBqVyVlpEVtWSHSCzUas.jpg,1000
86,teacher_photos\y3XYmrODoqlzP9wXJPQQBpsor3Zx6xhI.jpg,1000
87,teacher_photos\YaUoa1QlQfD8ttd9iQfaOkhaJzAd2PIW.jpg,1000
88,teacher_photos\z3DeMz7253vMtaj5QIqVGbqffmsn73Dt.jpg,1000
89,teacher_photos\ZyE8lySkS1dn14MUiNejDMKcMkdWPh0N.jpg,1000
90,teacher_photos\2mSxVcsCpCACiKTpnOmll8fpU4gPErJx.jpeg,1000
91,teacher_photos\6WWXjuimfTheel5eMVeT9Uy8kGBevYmf.jpeg,1000
92,teacher_photos\7DyoilMdc7UdYhSwwk46RxYTwXBBvMRN.jpeg,1000
93,teacher_photos\BJ1K1lQd50EP2Aqa7USQZaSfIPhUSzSB.jpeg,1000
94,teacher_photos\CKoy7YyVJ64mU060hdm27JCyWOAKTH5H.jpeg,1000
95,teacher_photos\CTFADOPvMqKrL59gZaRZIC9Gx0UDBHTp.jpeg,1000
96,teacher_photos\CvTlvWrhsmo8zjZEKB9AlzDP7jC1hBko.jpeg,1000
97,teacher_photos\D0YeOTt4UDBOCAtgXsfPLUPlIYEPDh9w.jpeg,1000
98,teacher_photos\DKKf6dmEjX7pqGJwwK92b13S7tcyEF54.jpeg,1000
99,teacher_photos\E0ijY28O2INHW859pORZ4xHCfyKPU5wY.jpeg,1000
100,teacher_photos\etkML0cSpasvp5lkIWo70nxCVRr8uhzd.jpeg,1000
101,teacher_photos\EZ2pruTslLPI71e6XPzwpeUgWmCIkdJt.jpeg,1000
102,teacher_photos\FbFSBZmElpWaC499DKQm79GwYe8VJJs8.jpeg,1000
103,teacher_photos\FybtADNrdVMBe3wR8MwfORRKvSzFx2TP.jpeg,1000
104,teacher_photos\gLAOY1WrLkIvQ2uY6F9wmtGNq4RuYycQ.jpeg,1000
105,teacher_photos\JXUdeoOgOzKI4huFavN8UiObXgL8PKPd.jpeg,1000
106,teacher_photos\KD0I8louN6rGz2wNzJRRAGsvWcUtej2N.jpeg,1000
107,teacher_photos\kQHANT7IKpYbrq61N55KNgsKJyIwQ0cj.jpeg,1000
108,teacher_photos\lEDAaVoaxzTxAKClxJH2hLdMWHWtdAm6.jpeg,1000
109,teacher_photos\lknYRAwN0vQQ97BlUzRKIQEgZl0EJjkZ.jpeg,1000
110,teacher_photos\lzxzFweqYgyIgZRcoOn1B1knInNqXE2H.jpeg,1000
111,teacher_photos\Ms4InA0ng1mRC8MeNLmDn56aYiqYTUlV.jpeg,1000
112,teacher_photos\MweDgZAqtwLJhbxMsP5KlshPhXlageZd.jpeg,1000
113,teacher_photos\NhT43IbmIodwcItqedJ90WKmgvQi0K5Y.jpeg,1000
114,teacher_photos\OCD78f4wbbYex79ubZcIqDWBQhVgTXEn.jpeg,1000
115,teacher_photos\oDtZsWvWNTY0H3vY4DbCilfvzLjjTj1L.jpeg,1000
116,teacher_photos\Oof1PlPBlLCSrdEaZ72vMVK3tx4kuQep.jpeg,1000
117,teacher_photos\orPMb1nAqwPHbNWSN3UBrXlwDn3BMYub.jpeg,1000
118,teacher_photos\pgZhXhj01Z0dkdsZSYWU0lhsyrTOENb7.jpeg,1000
119,teacher_photos\qRKSTgzUfY38zkA8UHCYp5k7HL488j5W.jpeg,1000
120,teacher_photos\Rd5mdZd3stjOXvOl6W3GACMUAZH8YbXt.jpeg,1000
121,teacher_photos\smJrgekgAhGD0hmSCnQMis2m6lJYhiGp.jpeg,1000
122,teacher_photos\SnMxrWN4UXdNgIij80168GDNsu7ckPPS.jpeg,1000
123,teacher_photos\u6GkQuu4pGftGxPXcP03YTXPLAws0UgU.jpeg,1000
124,teacher_photos\UnErErIA70UCPCx5sNULAMY7rhEuBPVQ.jpeg,1000
125,teacher_photos\V5PWs1SGH8FFASmhCr0IS4JdFUkgQK8X.jpeg,1000
126,teacher_photos\vJsIqp2f9b8s9v8QKGMsE332n4jWbYnM.jpeg,1000
127,teacher_photos\vN9LdKmRMwBVWubOXKreUCDD5asSNlDs.jpeg,1000
128,teacher_photos\vnvD1t7uhnDVZVrB2Biv0oV2exsxHx1d.jpeg,1000
129,teacher_photos\VweLfiQOAvn8ZmNokvwjpaaF8C5HSrzT.jpeg,1000
130,teacher_photos\XjyPMKPrvta30m8pGZllxMhR19wIrUsx.jpeg,1000
131,teacher_photos\xKFBYKAouUMyojRe3Og7BtYOFpZphWUC.jpeg,1000
132,teacher_photos\XRJlf8Aj2bAPJ1JGFwj6BL2NeDtWjltH.jpeg,1000
133,teacher_photos\eGrZLiJYbcXet8s8DVt9psVs9Q0ZHxyz.jfif,1000
